{"BTb": 38.06734992679356, "TpC": 36.44314868804665, "Hn": 50.15923566878981, "Tbn": 23.919753086419753, "Va": 49.20174165457184, "Vn": 39.29098966026588, "Vc": 46.43962848297214, "Cb": 28.03030303030303, "Ob": 82.93051359516616, "Fl": 26.035502958579883, "Bn": 62.67071320182094, "ClBb": 57.28862973760933}